{
  "project_info": {
    "project_number": "246967096860",
    "project_id": "clone-insta-f618a",
    "storage_bucket": "clone-insta-f618a.appspot.com"
  },
  "client": [
    {
      "client_info": {
        "mobilesdk_app_id": "1:246967096860:android:c5f756238629f8a4cc31d9",
        "android_client_info": {
          "package_name": "com.example.clone_insta"
        }
      },
      "oauth_client": [
        {
          "client_id": "246967096860-jk4vou7i6e71vq4alb8b02elt9f7ntkd.apps.googleusercontent.com",
          "client_type": 1,
          "android_info": {
            "package_name": "com.example.clone_insta",
            "certificate_hash": "2c2591a1325e2796507d98f29194024e07296262"
          }
        },
        {
          "client_id": "246967096860-enl2spvcejvlekbknflu4cj9oo00fbc7.apps.googleusercontent.com",
          "client_type": 3
        }
      ],
      "api_key": [
        {
          "current_key": "AIzaSyB89of_pkkY-CUplmLhaB1u_meQxgKnsQY"
        }
      ],
      "services": {
        "appinvite_service": {
          "other_platform_oauth_client": [
            {
              "client_id": "246967096860-enl2spvcejvlekbknflu4cj9oo00fbc7.apps.googleusercontent.com",
              "client_type": 3
            }
          ]
        }
      }
    }
  ],
  "configuration_version": "1"
}